{"mean":{"confidence_interval":{"confidence_level":0.95,"lower_bound":319818.53533442126,"upper_bound":321244.8223370078},"point_estimate":320449.8733641164,"standard_error":366.0055932520454},"median":{"confidence_interval":{"confidence_level":0.95,"lower_bound":319201.5326086957,"upper_bound":319435.1082142857},"point_estimate":319261.2566025715,"standard_error":54.81979098127684},"median_abs_dev":{"confidence_interval":{"confidence_level":0.95,"lower_bound":247.27401778613356,"upper_bound":551.2589815641925},"point_estimate":344.1969698696775,"standard_error":71.29970346957818},"slope":{"confidence_interval":{"confidence_level":0.95,"lower_bound":319252.9478048863,"upper_bound":319641.0810597759},"point_estimate":319428.0933596867,"standard_error":99.51906788074399},"std_dev":{"confidence_interval":{"confidence_level":0.95,"lower_bound":1506.5669437219865,"upper_bound":5456.092414710877},"point_estimate":3715.24784868047,"standard_error":1010.7051901414152}}